species,pu,amount
1,1,1438877.060618
1,2,2093014.920461
1,3,1612650.840355
2,1,1642060.886077
2,5,1254828.617419
2,6,2305858.554793
3,1,1712853.485442
3,2,1710403.051271
3,5,1318333.583931
4,1,1200712.743729
4,3,3579493.372419
4,5,3535392.838057
5,2,4042548.983225
5,3,4096449.636335
5,4,2525980.607094
5,5,2332428.261836
5,6,1256865.229330
